0,https://imageins.blob.core.windows.net/image/images/profile_post_img_all/dixontransitionsociety/285310936_3210356175872936_862606985565208987_n.jpg
1,https://imageins.blob.core.windows.net/image/images/profile_post_img_all/dixontransitionsociety/288938630_1152247095571036_5597464112442016490_n.jpg
2,https://imageins.blob.core.windows.net/image/images/profile_post_img_all/freeofviolence/267151387_588854412219430_5241078650320655244_n.jpg
3,https://imageins.blob.core.windows.net/image/images/profile_post_img_all/freeofviolence/269812685_772090997519875_1762577499023572044_n.jpg
4,https://imageins.blob.core.windows.net/image/images/profile_post_img_all/freeofviolence/269822317_120736840441663_5808171078333941769_n.jpg
5,https://imageins.blob.core.windows.net/image/images/profile_post_img_all/mcakwesasne/28156625_1778523062214104_4774751697429856256_n.jpg
6,https://imageins.blob.core.windows.net/image/images/profile_post_img_all/mcakwesasne/28158478_217334002154865_7644622336078905344_n.jpg
7,https://imageins.blob.core.windows.net/image/images/profile_post_img_all/mcakwesasne/28427349_150384365634938_5674810099156123648_n.jpg
8,https://imageins.blob.core.windows.net/image/images/profile_post_img_all/saraforwomen/172982182_301185835057249_5468288126642216233_n.jpg
9,https://imageins.blob.core.windows.net/image/images/profile_post_img_all/saraforwomen/173735177_202125401443398_4118752439748676123_n.jpg
10,https://imageins.blob.core.windows.net/image/images/profile_post_img_all/saraforwomen/174675459_207208034176071_6386267647008015024_n.jpg
11,https://imageins.blob.core.windows.net/image/images/profile_post_img_all/saraforwomen/180672926_131538272244813_4419300240342223068_n.jpg
12,https://imageins.blob.core.windows.net/image/images/profile_post_img_all/saraforwomen/184848783_469132700817909_441936258007305182_n.jpg
13,https://imageins.blob.core.windows.net/image/images/profile_post_img_all/saraforwomen/188663270_181397663769219_4795259240734012614_n.jpg
14,https://imageins.blob.core.windows.net/image/images/profile_post_img_all/saraforwomen/196044036_123315989917622_1545534471650618310_n.jpg
15,https://imageins.blob.core.windows.net/image/images/profile_post_img_all/saraforwomen/197350344_2946902858961373_8684463077192021964_n.jpg
16,https://imageins.blob.core.windows.net/image/images/profile_post_img_all/saraforwomen/198873948_1403789959997597_5030064127543377902_n.jpg
17,https://imageins.blob.core.windows.net/image/images/profile_post_img_all/saraforwomen/204475189_529213428235035_7199541965065418956_n.jpg
18,https://imageins.blob.core.windows.net/image/images/profile_post_img_all/saraforwomen/210224738_501935390865444_8394506650753203282_n.jpg
19,https://imageins.blob.core.windows.net/image/images/profile_post_img_all/saraforwomen/217488302_2630842140553660_8958714387718227005_n.jpg
20,https://imageins.blob.core.windows.net/image/images/profile_post_img_all/saraforwomen/224332433_153604506857120_1255344650135867461_n.jpg
21,https://imageins.blob.core.windows.net/image/images/profile_post_img_all/saraforwomen/240583897_365653188538326_4531172404061148345_n.jpg
22,https://imageins.blob.core.windows.net/image/images/profile_post_img_all/saraforwomen/240787437_875052250105116_8139122063628199368_n.jpg
23,https://imageins.blob.core.windows.net/image/images/profile_post_img_all/saraforwomen/240872381_572620520431792_9207195715265523907_n.jpg
24,https://imageins.blob.core.windows.net/image/images/profile_post_img_all/saraforwomen/242188478_159379402998553_4421719868901870501_n.jpg
25,https://imageins.blob.core.windows.net/image/images/profile_post_img_all/saraforwomen/242421018_386215596560455_987228398062970788_n.jpg
26,https://imageins.blob.core.windows.net/image/images/profile_post_img_all/saraforwomen/242785032_832611757450396_5641232316725263838_n.jpg
27,https://imageins.blob.core.windows.net/image/images/profile_post_img_all/saraforwomen/260819100_446867520136841_7856590096773384733_n.jpg
28,https://imageins.blob.core.windows.net/image/images/profile_post_img_all/saraforwomen/262142665_975894779936817_824563081163694725_n.jpg
29,https://imageins.blob.core.windows.net/image/images/profile_post_img_all/saraforwomen/264661513_613508606742692_2878033425321280209_n.jpg
30,https://imageins.blob.core.windows.net/image/images/profile_post_img_all/saraforwomen/267246693_328799635730306_3616128585084209158_n.jpg
31,https://imageins.blob.core.windows.net/image/images/profile_post_img_all/saraforwomen/270654951_694942814805997_8433923482944972841_n.jpg
32,https://imageins.blob.core.windows.net/image/images/profile_post_img_all/saraforwomen/271321586_637721330987610_8698891236659688814_n.jpg
33,https://imageins.blob.core.windows.net/image/images/profile_post_img_all/saraforwomen/271796933_1802958196562834_7114086587990062560_n.jpg
34,https://imageins.blob.core.windows.net/image/images/profile_post_img_all/saraforwomen/272049755_4822847037753629_6331026751918366903_n.webp
35,https://imageins.blob.core.windows.net/image/images/profile_post_img_all/saraforwomen/274564114_500588298301216_5862869710732052091_n.jpg
36,https://imageins.blob.core.windows.net/image/images/profile_post_img_all/saraforwomen/277470749_173098495055968_6738031679694446324_n.jpg
37,https://imageins.blob.core.windows.net/image/images/profile_post_img_all/saraforwomen/277590645_128277313112604_1478478468124496527_n.jpg
38,https://imageins.blob.core.windows.net/image/images/profile_post_img_all/saraforwomen/278360514_3086285004958160_3332743703318862661_n.jpg
39,https://imageins.blob.core.windows.net/image/images/profile_post_img_all/saraforwomen/278779337_2903705279915581_5211808399879383044_n.jpg
40,https://imageins.blob.core.windows.net/image/images/profile_post_img_all/saraforwomen/278854007_955010095216709_6175447631357075193_n.webp
41,https://imageins.blob.core.windows.net/image/images/profile_post_img_all/saraforwomen/279381625_511953680606674_7170753272752305586_n.jpg
42,https://imageins.blob.core.windows.net/image/images/profile_post_img_all/saraforwomen/280558718_529892802050515_2696415791810559053_n.jpg
43,https://imageins.blob.core.windows.net/image/images/profile_post_img_all/saraforwomen/284643334_1022966191662091_610212430420806092_n.jpg
44,https://imageins.blob.core.windows.net/image/images/profile_post_img_all/saraforwomen/285510443_183440574019293_8163311022917788253_n.jpg
45,https://imageins.blob.core.windows.net/image/images/profile_post_img_all/saraforwomen/288162581_103865515669652_8968162963586879058_n.webp
46,https://imageins.blob.core.windows.net/image/images/profile_post_img_all/saraforwomen/289438844_753713409402749_6661090657699654883_n.jpg
47,https://imageins.blob.core.windows.net/image/images/profile_post_img_all/saraforwomen/292443200_753953045803233_3048984393846286634_n.jpg
48,https://imageins.blob.core.windows.net/image/images/profile_post_img_all/saraforwomen/292993955_415388997302352_3359344847156732299_n.webp
49,https://imageins.blob.core.windows.net/image/images/profile_post_img_all/saraforwomen/293386370_714066816348721_1125293782939890523_n.jpg
50,https://imageins.blob.core.windows.net/image/images/profile_post_img_all/saraforwomen/293417266_1034437760776072_5564487556753947479_n.webp
51,https://imageins.blob.core.windows.net/image/images/profile_post_img_all/saraforwomen/296285980_596580718528099_8954451072502771941_n.jpg
52,https://imageins.blob.core.windows.net/image/images/profile_post_img_all/saraforwomen/296528641_1508572326242743_3892701643395667141_n.jpg
53,https://imageins.blob.core.windows.net/image/images/profile_post_img_all/saraforwomen/298420412_765220721380413_2411414032631279579_n.jpg
54,https://imageins.blob.core.windows.net/image/images/profile_post_img_all/saraforwomen/301014960_594821688716845_3409929606234049574_n.jpg
55,https://imageins.blob.core.windows.net/image/images/profile_post_img_all/saraforwomen/303111409_642340213805503_799464377417669647_n.jpg
56,https://imageins.blob.core.windows.net/image/images/profile_post_img_all/saraforwomen/305697604_381376787528230_3141740498354627066_n.jpg
57,https://imageins.blob.core.windows.net/image/images/profile_post_img_all/saraforwomen/311424059_661295355634261_1197359740615693211_n.webp
58,https://imageins.blob.core.windows.net/image/images/profile_post_img_all/saraforwomen/312064317_5522395324553212_1589137544076281036_n.webp
59,https://imageins.blob.core.windows.net/image/images/profile_post_img_all/saraforwomen/316684595_186197507295671_1266144893356424966_n.jpg
